Cohort_Month,0,2,4,6,8
2020-01,100.0,83.95522388059702,,94.40298507462687,51.11940298507462
2020-03,100.0,,57.14285714285714,14.285714285714285,
2020-07,100.0,36.36363636363637,,,
2020-09,100.0,,,,
